Statistic,G_metric,T_metric,TI_metric,TS_metric,N_metric,NI_metric,NS_metric
Slope 2.5%,1.0107924464879532,1.0436120035545826,0.994071009996553,0.9637523984316343,1.0909053242179412,0.9420751813585402,0.9446555087791352
Intercept 2.5%,-4.865017483140574,-6.534745946621395,-7.972844984488114,-2.7051032785517632,-13.208324410766389,-2.0530211630222484,-1.9565347245459228
Slope 5%,1.0021318218298558,0.9917825537294566,0.9937939285180202,0.9611400514939229,1.0023793590601544,0.9616188953130765,0.9638242894056845
Intercept 5%,-3.0345192542895463,-2.07539554361569,-4.498039703903096,-0.19972714208733133,-2.9332469786144753,-1.185903675294695,-1.6474588235294036
Slope 95%,0.9600454766931942,0.9919111483654651,1.0029713516847003,0.986453201970444,0.9197586387827,0.9878054110756588,1.0323662585946671
Intercept 95%,6.338899352363221,3.984148408686084,3.4271949038515555,7.174867610837383,8.873496517387114,5.138738281444838,4.173184040800646
Slope 97.5%,0.9186598958205558,0.9144485417365067,1.0107983031237946,0.8784893267651879,0.8641172088403279,0.9687340479836646,0.950454899922017
Intercept 97.5%,12.862419486191545,12.254761476491788,4.585440994986519,26.64996798029572,15.148090449084057,8.972458400144182,19.162663808926734
