Statistic,G_whole_metric,S_whole_metric,I_whole_metric,G_8_metric,S_8_metric,I_8_metric
Slope 2.5%,0.9569300860076203,0.9776001933692169,0.962329871368042,0.9714511370569405,0.9449818352399778,0.9570954866856212
Intercept 2.5%,-0.10867900393225935,-0.8039249825490864,-0.8044940023935556,-0.48824020074769114,-0.3344904745331494,-0.2738476906955633
Slope 5%,0.9942091903902907,0.9555163225486604,1.0166608842872011,0.9665504866088769,0.957370694957336,0.9781068050688935
Intercept 5%,-0.7642100069004595,0.02760502613085681,-1.6198970216113522,-0.09566680187977336,-0.2435691042672124,-0.4055463964171545
Slope 95%,0.925134063441906,0.9347810232156207,0.8822136985568775,0.9426710323767237,0.9385233852933115,0.9333696307181594
Intercept 95%,3.1498762920559806,3.0022507874431983,4.516025871341145,3.243162557959251,3.7747543077277146,3.6009715764184937
Slope 97.5%,0.8968611524362257,0.8725955015351914,0.8550850320739813,0.854924241510323,0.8305707872474787,0.9202451923723906
Intercept 97.5%,4.207540794921386,5.533178838389461,5.452693437067928,7.207236835545953,8.779733582993847,4.382560875856312
